{"cameraMode":{"drawMode":0,"name":"Shaded","section":"Shading Mode"},"sceneLighting":true,"audioPlay":false,"sceneViewState":{"showFog":false,"showMaterialUpdate":false,"showSkybox":true,"showFlares":false,"showImageEffects":false,"showParticleSystems":true},"in2DMode":false,"pivot":{"x":4.92661714553833,"y":3.217087507247925,"z":-2.8181169033050539},"rotation":{"x":-0.17314644157886506,"y":0.5975372791290283,"z":-0.13412921130657197,"w":-0.7713547945022583},"size":0.7416588664054871,"orthographic":false}