{"cameraMode":{"drawMode":0,"name":"Shaded","section":"Shading Mode"},"sceneLighting":true,"audioPlay":false,"sceneViewState":{"showFog":false,"showMaterialUpdate":false,"showSkybox":false,"showFlares":false,"showImageEffects":false,"showParticleSystems":false},"in2DMode":false,"pivot":{"x":4.717931270599365,"y":0.2787761688232422,"z":-0.1693735122680664},"rotation":{"x":0.41068804264068606,"y":0.46526414155960085,"z":-0.2580529749393463,"w":0.7404600381851196},"size":21.746267318725587,"orthographic":false}