{"cameraMode":{"drawMode":0,"name":"Shaded","section":"Shading Mode"},"sceneLighting":true,"audioPlay":false,"sceneViewState":{"showFog":false,"showMaterialUpdate":false,"showSkybox":true,"showFlares":false,"showImageEffects":false,"showParticleSystems":true},"in2DMode":false,"pivot":{"x":150.3679656982422,"y":-201.83018493652345,"z":348.8514099121094},"rotation":{"x":-0.2570625841617584,"y":0.13198062777519227,"z":-0.03547447547316551,"w":-0.9566956758499146},"size":475.79644775390627,"orthographic":false}