{"cameraMode":{"drawMode":0,"name":"Shaded","section":"Shading Mode"},"sceneLighting":false,"audioPlay":false,"sceneViewState":{"showFog":false,"showMaterialUpdate":false,"showSkybox":false,"showFlares":false,"showImageEffects":false,"showParticleSystems":false},"in2DMode":false,"pivot":{"x":-0.00018930435180664063,"y":1.2060937881469727,"z":-0.04940783977508545},"rotation":{"x":0.3512542247772217,"y":0.6484975814819336,"z":-0.4663219451904297,"w":0.4885292947292328},"size":4.4147562980651859,"orthographic":false}