{"cameraMode":{"drawMode":0,"name":"Shaded","section":"Shading Mode"},"sceneLighting":false,"audioPlay":false,"sceneViewState":{"showFog":false,"showMaterialUpdate":false,"showSkybox":false,"showFlares":false,"showImageEffects":false,"showParticleSystems":false},"in2DMode":false,"pivot":{"x":12.046719551086426,"y":-18.538219451904298,"z":-21.404104232788087},"rotation":{"x":-0.09103906899690628,"y":-0.9066066741943359,"z":0.3236604928970337,"w":-0.2550194561481476},"size":36.1376953125,"orthographic":false}