{"cameraMode":{"drawMode":0,"name":"Shaded","section":"Shading Mode"},"sceneLighting":false,"audioPlay":false,"sceneViewState":{"showFog":false,"showMaterialUpdate":false,"showSkybox":true,"showFlares":false,"showImageEffects":false,"showParticleSystems":true},"in2DMode":false,"pivot":{"x":-7.025023460388184,"y":15.028346061706543,"z":-21.546875},"rotation":{"x":0.3995364308357239,"y":0.4055303633213043,"z":-0.20371638238430024,"w":0.7966427803039551},"size":10.021866798400879,"orthographic":false}