{"cameraMode":{"drawMode":0,"name":"Shaded","section":"Shading Mode"},"sceneLighting":true,"audioPlay":false,"sceneViewState":{"showFog":false,"showMaterialUpdate":false,"showSkybox":false,"showFlares":false,"showImageEffects":false,"showParticleSystems":false},"in2DMode":false,"pivot":{"x":183.78343200683595,"y":48.36064147949219,"z":-87.53838348388672},"rotation":{"x":0.061997465789318088,"y":0.7374697923660278,"z":-0.06833480298519135,"w":0.6690549254417419},"size":198.758056640625,"orthographic":false}