{"cameraMode":{"drawMode":0,"name":"Shaded","section":"Shading Mode"},"sceneLighting":true,"audioPlay":false,"sceneViewState":{"showFog":false,"showMaterialUpdate":false,"showSkybox":false,"showFlares":false,"showImageEffects":false,"showParticleSystems":false},"in2DMode":false,"pivot":{"x":-3.3567259311676027,"y":-19.42449188232422,"z":36.38175582885742},"rotation":{"x":0.4936293363571167,"y":-0.18866728246212007,"z":0.11064424365758896,"w":0.8417210578918457},"size":50.609195709228519,"orthographic":false}