{"cameraMode":{"drawMode":0,"name":"Shaded","section":"Shading Mode"},"sceneLighting":false,"audioPlay":false,"sceneViewState":{"showFog":false,"showMaterialUpdate":false,"showSkybox":false,"showFlares":false,"showImageEffects":false,"showParticleSystems":false},"in2DMode":false,"pivot":{"x":3.239708662033081,"y":-1.934582233428955,"z":-3.507162094116211},"rotation":{"x":-0.061085209250450137,"y":-0.9215590953826904,"z":0.16198930144309998,"w":-0.34751105308532717},"size":10.260539054870606,"orthographic":false}