{"cameraMode":{"drawMode":0,"name":"Shaded","section":"Shading Mode"},"sceneLighting":true,"audioPlay":false,"sceneViewState":{"showFog":false,"showMaterialUpdate":false,"showSkybox":false,"showFlares":false,"showImageEffects":false,"showParticleSystems":false},"in2DMode":false,"pivot":{"x":208.89614868164063,"y":-0.1339702606201172,"z":-65.54513549804688},"rotation":{"x":0.09877540916204453,"y":0.03581511974334717,"z":-0.0035582645796239378,"w":0.9944673180580139},"size":24.582002639770509,"orthographic":false}