{"cameraMode":{"drawMode":0,"name":"Shaded","section":"Shading Mode"},"sceneLighting":false,"audioPlay":false,"sceneViewState":{"showFog":false,"showMaterialUpdate":false,"showSkybox":false,"showFlares":false,"showImageEffects":false,"showParticleSystems":false},"in2DMode":false,"pivot":{"x":222.6901092529297,"y":-60.94352722167969,"z":60.8886604309082},"rotation":{"x":-0.23937654495239259,"y":0.7496541142463684,"z":-0.35602977871894839,"w":-0.5039829611778259},"size":11.461116790771485,"orthographic":false}