{"cameraMode":{"drawMode":0,"name":"Shaded","section":"Shading Mode"},"sceneLighting":true,"audioPlay":false,"sceneViewState":{"showFog":false,"showMaterialUpdate":false,"showSkybox":false,"showFlares":false,"showImageEffects":false,"showParticleSystems":false},"in2DMode":false,"pivot":{"x":0.07930651307106018,"y":-5.596771240234375,"z":-5.211420059204102},"rotation":{"x":0.333037406206131,"y":-0.6519699692726135,"z":0.3876253366470337,"w":0.5601568818092346},"size":32.69047927856445,"orthographic":false}