{"cameraMode":{"drawMode":0,"name":"Shaded","section":"Shading Mode"},"sceneLighting":true,"audioPlay":false,"sceneViewState":{"showFog":false,"showMaterialUpdate":false,"showSkybox":false,"showFlares":false,"showImageEffects":false,"showParticleSystems":false},"in2DMode":false,"pivot":{"x":-136.95230102539063,"y":-68.88346862792969,"z":-93.40473175048828},"rotation":{"x":-0.08794965595006943,"y":0.7086234092712402,"z":-0.0897630900144577,"w":-0.6943204998970032},"size":293.9942932128906,"orthographic":false}