{"cameraMode":{"drawMode":0,"name":"Shaded","section":"Shading Mode"},"sceneLighting":false,"audioPlay":false,"sceneViewState":{"showFog":false,"showMaterialUpdate":false,"showSkybox":true,"showFlares":false,"showImageEffects":false,"showParticleSystems":true},"in2DMode":false,"pivot":{"x":-39.63296127319336,"y":-4.358914375305176,"z":8.392505645751954},"rotation":{"x":0.14908288419246674,"y":-0.5250745415687561,"z":0.09373059868812561,"w":0.8327808380126953},"size":33.92831039428711,"orthographic":false}