{"cameraMode":{"drawMode":0,"name":"Shaded","section":"Shading Mode"},"sceneLighting":true,"audioPlay":false,"sceneViewState":{"showFog":true,"showMaterialUpdate":true,"showSkybox":false,"showFlares":true,"showImageEffects":true,"showParticleSystems":true},"in2DMode":false,"pivot":{"x":132.79196166992188,"y":-75.595703125,"z":67.53996276855469},"rotation":{"x":0.40197378396987917,"y":-0.25016385316848757,"z":0.11515355110168457,"w":0.8732577562332153},"size":164.65679931640626,"orthographic":false}