{"cameraMode":{"drawMode":0,"name":"Shaded","section":"Shading Mode"},"sceneLighting":true,"audioPlay":false,"sceneViewState":{"showFog":false,"showMaterialUpdate":false,"showSkybox":false,"showFlares":false,"showImageEffects":false,"showParticleSystems":false},"in2DMode":false,"pivot":{"x":-1.2132413387298585,"y":2.057188034057617,"z":-1.6108903884887696},"rotation":{"x":0.4663545489311218,"y":-0.07150809466838837,"z":0.03785797208547592,"w":0.8808959126472473},"size":21.746267318725587,"orthographic":false}