{"cameraMode":{"drawMode":0,"name":"Shaded","section":"Shading Mode"},"sceneLighting":true,"audioPlay":false,"sceneViewState":{"showFog":false,"showMaterialUpdate":false,"showSkybox":true,"showFlares":false,"showImageEffects":false,"showParticleSystems":true},"in2DMode":false,"pivot":{"x":225.17054748535157,"y":-61.77771759033203,"z":61.735809326171878},"rotation":{"x":0.12693175673484803,"y":0.5902942419052124,"z":-0.09370221942663193,"w":0.791893720626831},"size":5.7068867683410648,"orthographic":false}