{"cameraMode":{"drawMode":0,"name":"Shaded","section":"Shading Mode"},"sceneLighting":false,"audioPlay":false,"sceneViewState":{"showFog":false,"showMaterialUpdate":false,"showSkybox":false,"showFlares":false,"showImageEffects":false,"showParticleSystems":true},"in2DMode":false,"pivot":{"x":2.003350257873535,"y":-1.655869960784912,"z":12.521871566772461},"rotation":{"x":0.2264830470085144,"y":0.20848523080348969,"z":-0.04969555884599686,"w":0.9501452445983887},"size":22.394514083862306,"orthographic":false}