{"cameraMode":{"drawMode":0,"name":"Shaded","section":"Shading Mode"},"sceneLighting":true,"audioPlay":false,"sceneViewState":{"showFog":false,"showMaterialUpdate":false,"showSkybox":true,"showFlares":false,"showImageEffects":false,"showParticleSystems":true},"in2DMode":false,"pivot":{"x":193.96127319335938,"y":3.671394109725952,"z":3.676893472671509},"rotation":{"x":0.13821642100811006,"y":-0.3164149522781372,"z":0.046707767993211749,"w":0.9374698400497437},"size":9.338033676147461,"orthographic":false}