{"cameraMode":{"drawMode":0,"name":"Shaded","section":"Shading Mode"},"sceneLighting":true,"audioPlay":false,"sceneViewState":{"showFog":false,"showMaterialUpdate":false,"showSkybox":true,"showFlares":false,"showImageEffects":false,"showParticleSystems":true},"in2DMode":false,"pivot":{"x":355.7406311035156,"y":-395.72039794921877,"z":139.61058044433595},"rotation":{"x":0.4689938724040985,"y":0.351366251707077,"z":-0.20967675745487214,"w":0.7829817533493042},"size":470.4710998535156,"orthographic":false}