{"cameraMode":{"drawMode":0,"name":"Shaded","section":"Shading Mode"},"sceneLighting":true,"audioPlay":false,"sceneViewState":{"showFog":false,"showMaterialUpdate":false,"showSkybox":false,"showFlares":false,"showImageEffects":false,"showParticleSystems":false},"in2DMode":false,"pivot":{"x":-35.15731430053711,"y":-32.153690338134769,"z":19.562984466552736},"rotation":{"x":0.27110520005226138,"y":-0.5131309628486633,"z":0.17681966722011567,"w":0.7949968576431274},"size":88.75395202636719,"orthographic":false}