{"cameraMode":{"drawMode":0,"name":"Shaded","section":"Shading Mode"},"sceneLighting":false,"audioPlay":false,"sceneViewState":{"showFog":false,"showMaterialUpdate":false,"showSkybox":false,"showFlares":false,"showImageEffects":false,"showParticleSystems":false},"in2DMode":false,"pivot":{"x":-0.02830028533935547,"y":4.534775733947754,"z":0.19935941696166993},"rotation":{"x":0.5443292260169983,"y":-0.18981105089187623,"z":0.1280253380537033,"w":0.8070246577262878},"size":29.778888702392579,"orthographic":false}