{"cameraMode":{"drawMode":0,"name":"Shaded","section":"Shading Mode"},"sceneLighting":false,"audioPlay":false,"sceneViewState":{"showFog":false,"showMaterialUpdate":false,"showSkybox":false,"showFlares":false,"showImageEffects":false,"showParticleSystems":true},"in2DMode":false,"pivot":{"x":76.88270568847656,"y":-92.41360473632813,"z":62.654571533203128},"rotation":{"x":-0.36519157886505129,"y":-0.3375753164291382,"z":0.14436805248260499,"w":-0.855627715587616},"size":224.62498474121095,"orthographic":false}