{"cameraMode":{"drawMode":0,"name":"Shaded","section":"Shading Mode"},"sceneLighting":false,"audioPlay":false,"sceneViewState":{"showFog":false,"showMaterialUpdate":false,"showSkybox":false,"showFlares":false,"showImageEffects":false,"showParticleSystems":true},"in2DMode":false,"pivot":{"x":-0.1281905174255371,"y":-0.35031914710998537,"z":0.006161928176879883},"rotation":{"x":0.13144460320472718,"y":-0.055037952959537509,"z":0.0070648216642439369,"w":0.9898905158042908},"size":3.1814684867858888,"orthographic":false}