{"cameraMode":{"drawMode":0,"name":"Shaded","section":"Shading Mode"},"sceneLighting":true,"audioPlay":false,"sceneViewState":{"showFog":false,"showMaterialUpdate":false,"showSkybox":true,"showFlares":false,"showImageEffects":false,"showParticleSystems":true},"in2DMode":false,"pivot":{"x":510.03582763671877,"y":489.29779052734377,"z":-334.9649658203125},"rotation":{"x":-0.08718764036893845,"y":-0.8839446306228638,"z":0.1828676015138626,"w":-0.42143526673316958},"size":1826.6392822265625,"orthographic":false}