{"cameraMode":{"drawMode":0,"name":"Shaded","section":"Shading Mode"},"sceneLighting":true,"audioPlay":false,"sceneViewState":{"showFog":false,"showMaterialUpdate":false,"showSkybox":false,"showFlares":false,"showImageEffects":false,"showParticleSystems":false},"in2DMode":false,"pivot":{"x":3.743924617767334,"y":-24.016159057617189,"z":-8.667572021484375},"rotation":{"x":0.08578024059534073,"y":0.8417320847511292,"z":-0.5142175555229187,"w":0.14041611552238465},"size":57.324989318847659,"orthographic":false}