{"cameraMode":{"drawMode":0,"name":"Shaded","section":"Shading Mode"},"sceneLighting":true,"audioPlay":false,"sceneViewState":{"showFog":false,"showMaterialUpdate":false,"showSkybox":false,"showFlares":false,"showImageEffects":false,"showParticleSystems":false},"in2DMode":false,"pivot":{"x":-7.970000267028809,"y":3.9599990844726564,"z":7.720000267028809},"rotation":{"x":-0.11754848808050156,"y":-0.03633243590593338,"z":0.004315548110753298,"w":-0.9924089908599854},"size":200.05186462402345,"orthographic":false}