{"cameraMode":{"drawMode":0,"name":"Shaded","section":"Shading Mode"},"sceneLighting":false,"audioPlay":false,"sceneViewState":{"showFog":false,"showMaterialUpdate":false,"showSkybox":false,"showFlares":false,"showImageEffects":false,"showParticleSystems":false},"in2DMode":false,"pivot":{"x":0.7437090873718262,"y":-13.236205101013184,"z":-27.524127960205079},"rotation":{"x":0.00045214753481559455,"y":-0.9681971073150635,"z":0.25021272897720339,"w":0.0017386851832270623},"size":46.87828826904297,"orthographic":false}