{"cameraMode":{"drawMode":0,"name":"Shaded","section":"Shading Mode"},"sceneLighting":false,"audioPlay":false,"sceneViewState":{"showFog":false,"showMaterialUpdate":false,"showSkybox":false,"showFlares":false,"showImageEffects":false,"showParticleSystems":true},"in2DMode":false,"pivot":{"x":-28.46885871887207,"y":-87.6438980102539,"z":167.44020080566407},"rotation":{"x":-0.23977702856063844,"y":0.08354570716619492,"z":-0.020458247512578965,"w":-0.9671463370323181},"size":224.62498474121095,"orthographic":false}