{"cameraMode":{"drawMode":0,"name":"Shaded","section":"Shading Mode"},"sceneLighting":true,"audioPlay":false,"sceneViewState":{"showFog":false,"showMaterialUpdate":false,"showSkybox":false,"showFlares":false,"showImageEffects":false,"showParticleSystems":false},"in2DMode":false,"pivot":{"x":0.8691368103027344,"y":2.303619384765625,"z":3.671703338623047},"rotation":{"x":-0.23625929653644563,"y":-0.49112099409103396,"z":0.14038552343845368,"w":-0.8266236186027527},"size":71.19305419921875,"orthographic":false}