{"cameraMode":{"drawMode":0,"name":"Shaded","section":"Shading Mode"},"sceneLighting":true,"audioPlay":false,"sceneViewState":{"showFog":false,"showMaterialUpdate":false,"showSkybox":false,"showFlares":false,"showImageEffects":false,"showParticleSystems":false},"in2DMode":false,"pivot":{"x":69.78895568847656,"y":-77.68653869628906,"z":84.64193725585938},"rotation":{"x":0.22035790979862214,"y":-0.45865586400032046,"z":0.11853255331516266,"w":0.8526791930198669},"size":273.9091796875,"orthographic":false}