{"cameraMode":{"drawMode":0,"name":"Shaded","section":"Shading Mode"},"sceneLighting":true,"audioPlay":false,"sceneViewState":{"showFog":false,"showMaterialUpdate":false,"showSkybox":false,"showFlares":false,"showImageEffects":false,"showParticleSystems":false},"in2DMode":false,"pivot":{"x":-7.249504089355469,"y":-31.839111328125,"z":11.652780532836914},"rotation":{"x":0.49188247323036196,"y":-0.24021761119365693,"z":0.1433102935552597,"w":0.8245106935501099},"size":58.22849655151367,"orthographic":false}