{"cameraMode":{"drawMode":0,"name":"Shaded","section":"Shading Mode"},"sceneLighting":true,"audioPlay":false,"sceneViewState":{"showFog":false,"showMaterialUpdate":false,"showSkybox":true,"showFlares":false,"showImageEffects":false,"showParticleSystems":true},"in2DMode":false,"pivot":{"x":493.34375,"y":258.110595703125,"z":122.91619873046875},"rotation":{"x":0.19669069349765778,"y":-0.013235674239695073,"z":0.0026555629447102548,"w":0.9803718328475952},"size":1998.0030517578125,"orthographic":false}