{"cameraMode":{"drawMode":0,"name":"Shaded","section":"Shading Mode"},"sceneLighting":true,"audioPlay":false,"sceneViewState":{"showFog":false,"showMaterialUpdate":false,"showSkybox":false,"showFlares":false,"showImageEffects":false,"showParticleSystems":false},"in2DMode":false,"pivot":{"x":40.53575897216797,"y":-50.35078811645508,"z":-16.983373641967775},"rotation":{"x":-0.22484201192855836,"y":-0.7589164972305298,"z":0.3329269587993622,"w":-0.5125667452812195},"size":91.8569107055664,"orthographic":false}