{"cameraMode":{"drawMode":0,"name":"Shaded","section":"Shading Mode"},"sceneLighting":true,"audioPlay":false,"sceneViewState":{"showFog":false,"showMaterialUpdate":false,"showSkybox":false,"showFlares":false,"showImageEffects":false,"showParticleSystems":false},"in2DMode":false,"pivot":{"x":-1.5149879455566407,"y":3.9599990844726564,"z":-0.019992828369140626},"rotation":{"x":0.5253556370735169,"y":-0.18913735449314118,"z":0.12107055634260178,"w":0.8207144141197205},"size":22.987459182739259,"orthographic":false}