{"cameraMode":{"drawMode":0,"name":"Shaded","section":"Shading Mode"},"sceneLighting":false,"audioPlay":false,"sceneViewState":{"showFog":false,"showMaterialUpdate":false,"showSkybox":false,"showFlares":false,"showImageEffects":false,"showParticleSystems":false},"in2DMode":false,"pivot":{"x":235.1763916015625,"y":-217.91781616210938,"z":-636.36279296875},"rotation":{"x":0.010669649578630925,"y":-0.9464109539985657,"z":0.321328341960907,"w":0.03152846172451973},"size":861.5371704101563,"orthographic":false}