{"cameraMode":{"drawMode":0,"name":"Shaded","section":"Shading Mode"},"sceneLighting":true,"audioPlay":false,"sceneViewState":{"showFog":false,"showMaterialUpdate":false,"showSkybox":false,"showFlares":false,"showImageEffects":false,"showParticleSystems":false},"in2DMode":false,"pivot":{"x":80.18209075927735,"y":-296.6430969238281,"z":109.3847427368164},"rotation":{"x":0.5081866383552551,"y":0.34392082691192629,"z":-0.2315465807914734,"w":0.7549194693565369},"size":357.50726318359377,"orthographic":false}