{"cameraMode":{"drawMode":0,"name":"Shaded","section":"Shading Mode"},"sceneLighting":true,"audioPlay":false,"sceneViewState":{"showFog":false,"showMaterialUpdate":false,"showSkybox":false,"showFlares":false,"showImageEffects":false,"showParticleSystems":false},"in2DMode":false,"pivot":{"x":32.67221450805664,"y":-51.723636627197269,"z":-4.4486236572265629},"rotation":{"x":0.3166627287864685,"y":0.6737091541290283,"z":-0.3978184163570404,"w":0.5362707376480103},"size":95.98421478271485,"orthographic":false}