{"cameraMode":{"drawMode":0,"name":"Shaded","section":"Shading Mode"},"sceneLighting":true,"audioPlay":false,"sceneViewState":{"showFog":false,"showMaterialUpdate":false,"showSkybox":false,"showFlares":false,"showImageEffects":false,"showParticleSystems":false},"in2DMode":false,"pivot":{"x":53.06647872924805,"y":-36.722145080566409,"z":-17.92840576171875},"rotation":{"x":-0.17389822006225587,"y":-0.7734271883964539,"z":0.24001307785511018,"w":-0.5603895783424377},"size":73.71067810058594,"orthographic":false}