{"cameraMode":{"drawMode":0,"name":"Shaded","section":"Shading Mode"},"sceneLighting":true,"audioPlay":false,"sceneViewState":{"showFog":false,"showMaterialUpdate":false,"showSkybox":false,"showFlares":false,"showImageEffects":false,"showParticleSystems":false},"in2DMode":false,"pivot":{"x":-15.799999237060547,"y":1.6500015258789063,"z":-88.16000366210938},"rotation":{"x":0.2813769578933716,"y":0.06471096724271774,"z":-0.019021835178136827,"w":0.9572242498397827},"size":200.05186462402345,"orthographic":false}