{"cameraMode":{"drawMode":0,"name":"Shaded","section":"Shading Mode"},"sceneLighting":false,"audioPlay":false,"sceneViewState":{"showFog":false,"showMaterialUpdate":false,"showSkybox":true,"showFlares":false,"showImageEffects":false,"showParticleSystems":true},"in2DMode":false,"pivot":{"x":-126.67440032958985,"y":-111.1976547241211,"z":72.47640228271485},"rotation":{"x":0.28041353821754458,"y":-0.4747987687587738,"z":0.16247688233852387,"w":0.8184038996696472},"size":220.54014587402345,"orthographic":false}