{"cameraMode":{"drawMode":0,"name":"Shaded","section":"Shading Mode"},"sceneLighting":true,"audioPlay":false,"sceneViewState":{"showFog":false,"showMaterialUpdate":false,"showSkybox":false,"showFlares":false,"showImageEffects":false,"showParticleSystems":false},"in2DMode":false,"pivot":{"x":48.470001220703128,"y":1.6500015258789063,"z":-88.15997314453125},"rotation":{"x":0.3064376711845398,"y":-0.459436297416687,"z":0.17261742055416108,"w":0.8156096339225769},"size":200.05186462402345,"orthographic":false}