{"cameraMode":{"drawMode":0,"name":"Shaded","section":"Shading Mode"},"sceneLighting":true,"audioPlay":false,"sceneViewState":{"showFog":false,"showMaterialUpdate":false,"showSkybox":false,"showFlares":false,"showImageEffects":false,"showParticleSystems":false},"in2DMode":false,"pivot":{"x":-38.213104248046878,"y":-29.851764678955079,"z":0.3761575222015381},"rotation":{"x":-0.22433799505233766,"y":0.6887830495834351,"z":-0.23891979455947877,"w":-0.646687388420105},"size":53.68052673339844,"orthographic":false}