{"cameraMode":{"drawMode":0,"name":"Shaded","section":"Shading Mode"},"sceneLighting":true,"audioPlay":false,"sceneViewState":{"showFog":false,"showMaterialUpdate":false,"showSkybox":true,"showFlares":false,"showImageEffects":false,"showParticleSystems":true},"in2DMode":false,"pivot":{"x":4.171483993530273,"y":-6.193545341491699,"z":8.663350105285645},"rotation":{"x":0.3499554991722107,"y":-0.09379790723323822,"z":0.03583145514130592,"w":0.9315979480743408},"size":27.86327362060547,"orthographic":false}