{"cameraMode":{"drawMode":0,"name":"Shaded","section":"Shading Mode"},"sceneLighting":false,"audioPlay":false,"sceneViewState":{"showFog":false,"showMaterialUpdate":false,"showSkybox":false,"showFlares":false,"showImageEffects":false,"showParticleSystems":false},"in2DMode":false,"pivot":{"x":0.43675947189331057,"y":3.367814064025879,"z":-0.0362701416015625},"rotation":{"x":0.14585737884044648,"y":-0.017817476764321328,"z":0.0026248700451105835,"w":0.9891849160194397},"size":19.88401222229004,"orthographic":false}