{"cameraMode":{"drawMode":0,"name":"Shaded","section":"Shading Mode"},"sceneLighting":true,"audioPlay":false,"sceneViewState":{"showFog":false,"showMaterialUpdate":false,"showSkybox":false,"showFlares":false,"showImageEffects":false,"showParticleSystems":false},"in2DMode":false,"pivot":{"x":2.6051106452941896,"y":-0.16494101285934449,"z":-2.213665008544922},"rotation":{"x":-0.16817060112953187,"y":-0.5425320267677307,"z":0.11190859228372574,"w":-0.8154046535491943},"size":21.35630226135254,"orthographic":false}