{"cameraMode":{"drawMode":0,"name":"Shaded","section":"Shading Mode"},"sceneLighting":true,"audioPlay":false,"sceneViewState":{"showFog":true,"showMaterialUpdate":true,"showSkybox":true,"showFlares":true,"showImageEffects":true,"showParticleSystems":true},"in2DMode":false,"pivot":{"x":186.1151123046875,"y":7.969202518463135,"z":-88.9948959350586},"rotation":{"x":0.14139951765537263,"y":-0.8546391725540161,"z":0.394957035779953,"w":0.30597245693206789},"size":39.0765380859375,"orthographic":false}