{"cameraMode":{"drawMode":0,"name":"Shaded","section":"Shading Mode"},"sceneLighting":true,"audioPlay":false,"sceneViewState":{"showFog":false,"showMaterialUpdate":false,"showSkybox":false,"showFlares":false,"showImageEffects":false,"showParticleSystems":false},"in2DMode":false,"pivot":{"x":-28.4210205078125,"y":-43.14146423339844,"z":55.56661605834961},"rotation":{"x":0.2953319847583771,"y":-0.23746535181999207,"z":0.07604099065065384,"w":0.9222946166992188},"size":103.131103515625,"orthographic":false}