{"cameraMode":{"drawMode":0,"name":"Shaded","section":"Shading Mode"},"sceneLighting":false,"audioPlay":false,"sceneViewState":{"showFog":false,"showMaterialUpdate":false,"showSkybox":false,"showFlares":false,"showImageEffects":false,"showParticleSystems":false},"in2DMode":false,"pivot":{"x":222.43362426757813,"y":-62.2735710144043,"z":61.032752990722659},"rotation":{"x":-0.29163771867752077,"y":0.7076165676116943,"z":-0.43521052598953249,"w":-0.4741934835910797},"size":3.383176565170288,"orthographic":false}