{"cameraMode":{"drawMode":0,"name":"Shaded","section":"Shading Mode"},"sceneLighting":true,"audioPlay":false,"sceneViewState":{"showFog":false,"showMaterialUpdate":false,"showSkybox":false,"showFlares":false,"showImageEffects":false,"showParticleSystems":false},"in2DMode":false,"pivot":{"x":17.441804885864259,"y":-16.043880462646486,"z":-16.390220642089845},"rotation":{"x":-0.13075882196426392,"y":-0.8681463003158569,"z":0.31434065103530886,"w":-0.3611293137073517},"size":42.78795623779297,"orthographic":false}