{"cameraMode":{"drawMode":0,"name":"Shaded","section":"Shading Mode"},"sceneLighting":false,"audioPlay":false,"sceneViewState":{"showFog":true,"showMaterialUpdate":false,"showSkybox":true,"showFlares":true,"showImageEffects":true,"showParticleSystems":true},"in2DMode":false,"pivot":{"x":352.7484436035156,"y":184.45225524902345,"z":15.015329360961914},"rotation":{"x":-0.02539057657122612,"y":-0.09134267270565033,"z":-0.002329744165763259,"w":0.9954931139945984},"size":543.2097778320313,"orthographic":false}