{"cameraMode":{"drawMode":0,"name":"Shaded","section":"Shading Mode"},"sceneLighting":false,"audioPlay":false,"sceneViewState":{"showFog":true,"showMaterialUpdate":false,"showSkybox":false,"showFlares":true,"showImageEffects":true,"showParticleSystems":true},"in2DMode":false,"pivot":{"x":-0.04500007629394531,"y":3.9599990844726564,"z":-0.08300018310546875},"rotation":{"x":0.008994534611701966,"y":-0.03449173644185066,"z":0.00031043344642966986,"w":0.9993646740913391},"size":231.3094482421875,"orthographic":true}