{"cameraMode":{"drawMode":0,"name":"Shaded","section":"Shading Mode"},"sceneLighting":true,"audioPlay":false,"sceneViewState":{"showFog":true,"showMaterialUpdate":false,"showSkybox":false,"showFlares":true,"showImageEffects":true,"showParticleSystems":true},"in2DMode":false,"pivot":{"x":-3.0440878868103029,"y":-0.5295745134353638,"z":-4.382319927215576},"rotation":{"x":-0.017900967970490457,"y":0.9816703796386719,"z":-0.118677519261837,"w":-0.14806286990642548},"size":8.342991828918457,"orthographic":false}