{"cameraMode":{"drawMode":0,"name":"Shaded","section":"Shading Mode"},"sceneLighting":false,"audioPlay":false,"sceneViewState":{"showFog":true,"showMaterialUpdate":false,"showSkybox":false,"showFlares":true,"showImageEffects":true,"showParticleSystems":true},"in2DMode":false,"pivot":{"x":10.143378257751465,"y":-9.230635643005371,"z":-3.9587340354919435},"rotation":{"x":0.23078125715255738,"y":0.7433640956878662,"z":-0.3163093328475952,"w":0.5423364639282227},"size":22.0,"orthographic":false}