{"cameraMode":{"drawMode":0,"name":"Shaded","section":"Shading Mode"},"sceneLighting":false,"audioPlay":false,"sceneViewState":{"showFog":true,"showMaterialUpdate":false,"showSkybox":false,"showFlares":true,"showImageEffects":true,"showParticleSystems":true},"in2DMode":false,"pivot":{"x":-2.8767850399017336,"y":1.1338342428207398,"z":-3.731778383255005},"rotation":{"x":0.6579751968383789,"y":-0.059658609330654147,"z":0.052419520914554599,"w":0.7488410472869873},"size":15.304802894592286,"orthographic":true}