{"cameraMode":{"drawMode":0,"name":"Shaded","section":"Shading Mode"},"sceneLighting":false,"audioPlay":false,"sceneViewState":{"showFog":true,"showMaterialUpdate":false,"showSkybox":true,"showFlares":true,"showImageEffects":true,"showParticleSystems":true},"in2DMode":false,"pivot":{"x":-1.5799846649169922,"y":18.3441162109375,"z":16.409542083740236},"rotation":{"x":0.09534677863121033,"y":-0.8590095639228821,"z":0.47238850593566897,"w":0.1731054037809372},"size":47.13393783569336,"orthographic":false}