{"cameraMode":{"drawMode":0,"name":"Shaded","section":"Shading Mode"},"sceneLighting":false,"audioPlay":false,"sceneViewState":{"showFog":true,"showMaterialUpdate":false,"showSkybox":false,"showFlares":true,"showImageEffects":true,"showParticleSystems":true},"in2DMode":false,"pivot":{"x":5.893489837646484,"y":4.454704284667969,"z":-6.790886878967285},"rotation":{"x":-0.003771068761125207,"y":0.9815008044242859,"z":-0.019446054473519326,"w":-0.1904924362897873},"size":22.0,"orthographic":false}