{"cameraMode":{"drawMode":0,"name":"Shaded","section":"Shading Mode"},"sceneLighting":true,"audioPlay":false,"sceneViewState":{"showFog":true,"showMaterialUpdate":false,"showSkybox":false,"showFlares":true,"showImageEffects":true,"showParticleSystems":true},"in2DMode":false,"pivot":{"x":7.949551105499268,"y":-209.8106689453125,"z":39.96239471435547},"rotation":{"x":0.6326249241828919,"y":0.06306564807891846,"z":-0.05171411857008934,"w":0.7702579498291016},"size":231.3094482421875,"orthographic":false}