{"cameraMode":{"drawMode":0,"name":"Shaded","section":"Shading Mode"},"sceneLighting":false,"audioPlay":false,"sceneViewState":{"showFog":true,"showMaterialUpdate":false,"showSkybox":false,"showFlares":true,"showImageEffects":true,"showParticleSystems":true},"in2DMode":false,"pivot":{"x":182.4422149658203,"y":0.2589837908744812,"z":-1.9519286155700684},"rotation":{"x":-0.09774021804332733,"y":0.7379629611968994,"z":-0.10950155556201935,"w":-0.6586887836456299},"size":22.451297760009767,"orthographic":false}