{"cameraMode":{"drawMode":0,"name":"Shaded","section":"Shading Mode"},"sceneLighting":false,"audioPlay":false,"sceneViewState":{"showFog":true,"showMaterialUpdate":false,"showSkybox":false,"showFlares":true,"showImageEffects":true,"showParticleSystems":true},"in2DMode":false,"pivot":{"x":30.057632446289064,"y":-25.04241180419922,"z":-3.808500289916992},"rotation":{"x":0.24092262983322144,"y":0.7392663359642029,"z":-0.3344033658504486,"w":0.5325782895088196},"size":52.10391616821289,"orthographic":false}