{"cameraMode":{"drawMode":0,"name":"Shaded","section":"Shading Mode"},"sceneLighting":true,"audioPlay":false,"sceneViewState":{"showFog":true,"showMaterialUpdate":false,"showSkybox":false,"showFlares":true,"showImageEffects":true,"showParticleSystems":true},"in2DMode":false,"pivot":{"x":-17.15729331970215,"y":-18.47391700744629,"z":-25.35393524169922},"rotation":{"x":-0.08022977411746979,"y":0.9196900725364685,"z":-0.26526716351509097,"w":-0.27815622091293337},"size":54.44859313964844,"orthographic":false}