{"cameraMode":{"drawMode":0,"name":"Shaded","section":"Shading Mode"},"sceneLighting":true,"audioPlay":false,"sceneViewState":{"showFog":true,"showMaterialUpdate":false,"showSkybox":false,"showFlares":true,"showImageEffects":true,"showParticleSystems":true},"in2DMode":false,"pivot":{"x":-30.456771850585939,"y":-161.81869506835938,"z":125.9651107788086},"rotation":{"x":0.4143320322036743,"y":-0.1987641155719757,"z":0.09330421686172486,"w":0.8833400011062622},"size":231.330078125,"orthographic":false}