{"cameraMode":{"drawMode":0,"name":"Shaded","section":"Shading Mode"},"sceneLighting":true,"audioPlay":false,"sceneViewState":{"showFog":true,"showMaterialUpdate":false,"showSkybox":false,"showFlares":true,"showImageEffects":true,"showParticleSystems":true},"in2DMode":false,"pivot":{"x":-21.647653579711915,"y":-0.541119396686554,"z":-28.572418212890626},"rotation":{"x":-0.00585128553211689,"y":0.947431206703186,"z":-0.017348594963550569,"w":-0.3194444477558136},"size":40.010372161865237,"orthographic":false}