{"cameraMode":{"drawMode":0,"name":"Shaded","section":"Shading Mode"},"sceneLighting":false,"audioPlay":false,"sceneViewState":{"showFog":true,"showMaterialUpdate":false,"showSkybox":false,"showFlares":true,"showImageEffects":true,"showParticleSystems":true},"in2DMode":false,"pivot":{"x":-0.009905099868774414,"y":1.75,"z":0.2905927300453186},"rotation":{"x":0.23078125715255738,"y":0.7433640956878662,"z":-0.3163093328475952,"w":0.5423364639282227},"size":11.443015098571778,"orthographic":false}