{"cameraMode":{"drawMode":0,"name":"Shaded","section":"Shading Mode"},"sceneLighting":true,"audioPlay":false,"sceneViewState":{"showFog":true,"showMaterialUpdate":false,"showSkybox":false,"showFlares":true,"showImageEffects":true,"showParticleSystems":true},"in2DMode":false,"pivot":{"x":60.02499771118164,"y":3.8999996185302736,"z":29.87999725341797},"rotation":{"x":0.4500903785228729,"y":0.28440049290657046,"z":-0.1536596715450287,"w":0.8325182795524597},"size":131.9962615966797,"orthographic":false}