{"cameraMode":{"drawMode":0,"name":"Shaded","section":"Shading Mode"},"sceneLighting":true,"audioPlay":false,"sceneViewState":{"showFog":true,"showMaterialUpdate":false,"showSkybox":false,"showFlares":true,"showImageEffects":true,"showParticleSystems":true},"in2DMode":false,"pivot":{"x":0.29717743396759035,"y":2.2611243724823,"z":0.22147798538208009},"rotation":{"x":-0.026991335675120355,"y":0.9623566269874573,"z":-0.2496391385793686,"w":-0.10404742509126663},"size":2.9818010330200197,"orthographic":false}