{"cameraMode":{"drawMode":0,"name":"Shaded","section":"Shading Mode"},"sceneLighting":true,"audioPlay":false,"sceneViewState":{"showFog":true,"showMaterialUpdate":false,"showSkybox":false,"showFlares":true,"showImageEffects":true,"showParticleSystems":true},"in2DMode":false,"pivot":{"x":0.9950194358825684,"y":4.0609893798828129,"z":2.350064277648926},"rotation":{"x":-0.04592385143041611,"y":0.9134909510612488,"z":-0.10765517503023148,"w":-0.3896670937538147},"size":8.342991828918457,"orthographic":false}