{"cameraMode":{"drawMode":0,"name":"Shaded","section":"Shading Mode"},"sceneLighting":true,"audioPlay":false,"sceneViewState":{"showFog":true,"showMaterialUpdate":false,"showSkybox":true,"showFlares":true,"showImageEffects":true,"showParticleSystems":true},"in2DMode":false,"pivot":{"x":-238.47970581054688,"y":-40.45376205444336,"z":204.6736297607422},"rotation":{"x":0.05995677039027214,"y":-0.4161451458930969,"z":0.027476193383336068,"w":0.9069322943687439},"size":323.36590576171877,"orthographic":false}