{"cameraMode":{"drawMode":0,"name":"Shaded","section":"Shading Mode"},"sceneLighting":true,"audioPlay":false,"sceneViewState":{"showFog":true,"showMaterialUpdate":false,"showSkybox":false,"showFlares":true,"showImageEffects":true,"showParticleSystems":true},"in2DMode":false,"pivot":{"x":7.5248541831970219,"y":2.5704939365386965,"z":2.1899025440216066},"rotation":{"x":0.37676846981048586,"y":-0.5593410134315491,"z":0.31574106216430666,"w":0.6674519777297974},"size":6.927331447601318,"orthographic":true}