{"cameraMode":{"drawMode":0,"name":"Shaded","section":"Shading Mode"},"sceneLighting":false,"audioPlay":false,"sceneViewState":{"showFog":true,"showMaterialUpdate":false,"showSkybox":false,"showFlares":true,"showImageEffects":true,"showParticleSystems":true},"in2DMode":false,"pivot":{"x":9.971734046936036,"y":-10.030902862548829,"z":-0.09539973735809326},"rotation":{"x":0.2861039638519287,"y":0.6604480743408203,"z":-0.30233755707740786,"w":0.6249607801437378},"size":22.0,"orthographic":false}