{"cameraMode":{"drawMode":0,"name":"Shaded","section":"Shading Mode"},"sceneLighting":false,"audioPlay":false,"sceneViewState":{"showFog":true,"showMaterialUpdate":false,"showSkybox":false,"showFlares":true,"showImageEffects":true,"showParticleSystems":true},"in2DMode":false,"pivot":{"x":-0.3033483028411865,"y":-4.405117034912109,"z":-9.240777969360352},"rotation":{"x":0.0018131234683096409,"y":-0.9599301218986511,"z":0.28029754757881167,"w":0.00635960977524519},"size":29.84933853149414,"orthographic":false}