{"cameraMode":{"drawMode":0,"name":"Shaded","section":"Shading Mode"},"sceneLighting":false,"audioPlay":false,"sceneViewState":{"showFog":true,"showMaterialUpdate":false,"showSkybox":false,"showFlares":true,"showImageEffects":true,"showParticleSystems":true},"in2DMode":false,"pivot":{"x":-4.6007280349731449,"y":0.9866262078285217,"z":49.93004608154297},"rotation":{"x":0.24640730023384095,"y":-0.25090736150741579,"z":0.06620979309082031,"w":0.9337815642356873},"size":132.0376434326172,"orthographic":true}