{"cameraMode":{"drawMode":0,"name":"Shaded","section":"Shading Mode"},"sceneLighting":true,"audioPlay":false,"sceneViewState":{"showFog":true,"showMaterialUpdate":false,"showSkybox":true,"showFlares":true,"showImageEffects":true,"showParticleSystems":true},"in2DMode":false,"pivot":{"x":679.153076171875,"y":-207.67861938476563,"z":279.693603515625},"rotation":{"x":0.2968684136867523,"y":0.195085808634758,"z":-0.06198559328913689,"w":0.9328047633171082},"size":439.5327453613281,"orthographic":false}