{"cameraMode":{"drawMode":0,"name":"Shaded","section":"Shading Mode"},"sceneLighting":false,"audioPlay":false,"sceneViewState":{"showFog":true,"showMaterialUpdate":false,"showSkybox":false,"showFlares":true,"showImageEffects":true,"showParticleSystems":true},"in2DMode":false,"pivot":{"x":1.0132004022598267,"y":0.8352859616279602,"z":-5.3899760246276859},"rotation":{"x":-0.0006243353709578514,"y":0.9938195943832398,"z":-0.11108006536960602,"w":-0.0056635490618646149},"size":10.422612190246582,"orthographic":false}