{"cameraMode":{"drawMode":0,"name":"Shaded","section":"Shading Mode"},"sceneLighting":true,"audioPlay":false,"sceneViewState":{"showFog":true,"showMaterialUpdate":false,"showSkybox":false,"showFlares":true,"showImageEffects":true,"showParticleSystems":true},"in2DMode":false,"pivot":{"x":4.306133270263672,"y":-17.088375091552736,"z":13.859591484069825},"rotation":{"x":0.3000987470149994,"y":0.3531755805015564,"z":-0.12073585391044617,"w":0.8778612613677979},"size":49.3574104309082,"orthographic":false}