{"cameraMode":{"drawMode":0,"name":"Shaded","section":"Shading Mode"},"sceneLighting":true,"audioPlay":false,"sceneViewState":{"showFog":true,"showMaterialUpdate":false,"showSkybox":false,"showFlares":true,"showImageEffects":true,"showParticleSystems":true},"in2DMode":false,"pivot":{"x":-6.944669246673584,"y":-5.423211574554443,"z":-8.091279029846192},"rotation":{"x":0.09308683127164841,"y":0.11918538063764572,"z":-0.011224011890590191,"w":0.988440215587616},"size":49.860206604003909,"orthographic":false}