{"cameraMode":{"drawMode":0,"name":"Shaded","section":"Shading Mode"},"sceneLighting":true,"audioPlay":false,"sceneViewState":{"showFog":true,"showMaterialUpdate":false,"showSkybox":false,"showFlares":true,"showImageEffects":true,"showParticleSystems":true},"in2DMode":false,"pivot":{"x":0.024999618530273439,"y":3.90000057220459,"z":29.87999725341797},"rotation":{"x":0.0713738426566124,"y":-0.8853756189346314,"z":0.43590399622917178,"w":0.1449672132730484},"size":18.148950576782228,"orthographic":false}