{"cameraMode":{"drawMode":0,"name":"Shaded","section":"Shading Mode"},"sceneLighting":false,"audioPlay":false,"sceneViewState":{"showFog":true,"showMaterialUpdate":false,"showSkybox":false,"showFlares":true,"showImageEffects":true,"showParticleSystems":true},"in2DMode":false,"pivot":{"x":-7.318546295166016,"y":-18.069408416748048,"z":-28.046031951904298},"rotation":{"x":-0.03941817209124565,"y":0.9488135576248169,"z":-0.28449249267578127,"w":-0.1314849853515625},"size":40.010372161865237,"orthographic":false}