{"cameraMode":{"drawMode":0,"name":"Shaded","section":"Shading Mode"},"sceneLighting":true,"audioPlay":false,"sceneViewState":{"showFog":true,"showMaterialUpdate":false,"showSkybox":true,"showFlares":true,"showImageEffects":true,"showParticleSystems":true},"in2DMode":false,"pivot":{"x":-28.980375289916993,"y":-45.73716735839844,"z":-33.461524963378909},"rotation":{"x":0.0713738426566124,"y":-0.8853756189346314,"z":0.43590399622917178,"w":0.1449672132730484},"size":64.37530517578125,"orthographic":false}