{"cameraMode":{"drawMode":0,"name":"Shaded","section":"Shading Mode"},"sceneLighting":false,"audioPlay":false,"sceneViewState":{"showFog":true,"showMaterialUpdate":false,"showSkybox":false,"showFlares":true,"showImageEffects":true,"showParticleSystems":true},"in2DMode":false,"pivot":{"x":-20.6480655670166,"y":-16.709192276000978,"z":-17.535751342773439},"rotation":{"x":0.11472134292125702,"y":-0.8761428594589233,"z":0.25668853521347048,"w":0.39157289266586306},"size":71.98826599121094,"orthographic":false}