{"cameraMode":{"drawMode":0,"name":"Shaded","section":"Shading Mode"},"sceneLighting":false,"audioPlay":false,"sceneViewState":{"showFog":true,"showMaterialUpdate":false,"showSkybox":false,"showFlares":true,"showImageEffects":true,"showParticleSystems":true},"in2DMode":false,"pivot":{"x":-3.972078323364258,"y":-1.7233837842941285,"z":-0.2479040026664734},"rotation":{"x":0.16793891787528993,"y":-0.7563871741294861,"z":0.2135200947523117,"w":0.5951054096221924},"size":11.443015098571778,"orthographic":false}