{"cameraMode":{"drawMode":0,"name":"Shaded","section":"Shading Mode"},"sceneLighting":true,"audioPlay":false,"sceneViewState":{"showFog":true,"showMaterialUpdate":false,"showSkybox":true,"showFlares":true,"showImageEffects":true,"showParticleSystems":true},"in2DMode":false,"pivot":{"x":813.664794921875,"y":-236.08004760742188,"z":-245.82354736328126},"rotation":{"x":0.11998917162418366,"y":0.8696202039718628,"z":-0.25903278589248659,"w":0.40282946825027468},"size":449.1864318847656,"orthographic":false}