{"cameraMode":{"drawMode":0,"name":"Shaded","section":"Shading Mode"},"sceneLighting":false,"audioPlay":false,"sceneViewState":{"showFog":true,"showMaterialUpdate":false,"showSkybox":false,"showFlares":true,"showImageEffects":true,"showParticleSystems":true},"in2DMode":false,"pivot":{"x":3.789902687072754,"y":2.5217063426971437,"z":5.287841320037842},"rotation":{"x":0.05523231625556946,"y":-0.931038498878479,"z":0.15876294672489167,"w":0.32390162348747256},"size":17.31383514404297,"orthographic":false}