{"cameraMode":{"drawMode":0,"name":"Shaded","section":"Shading Mode"},"sceneLighting":false,"audioPlay":false,"sceneViewState":{"showFog":true,"showMaterialUpdate":false,"showSkybox":true,"showFlares":true,"showImageEffects":true,"showParticleSystems":true},"in2DMode":false,"pivot":{"x":180.05821228027345,"y":-2.839538812637329,"z":25.9433536529541},"rotation":{"x":-0.12596827745437623,"y":-0.8072059154510498,"z":0.18628618121147157,"w":-0.5458287596702576},"size":29.938961029052736,"orthographic":false}