{"cameraMode":{"drawMode":0,"name":"Shaded","section":"Shading Mode"},"sceneLighting":false,"audioPlay":false,"sceneViewState":{"showFog":true,"showMaterialUpdate":false,"showSkybox":false,"showFlares":true,"showImageEffects":true,"showParticleSystems":true},"in2DMode":false,"pivot":{"x":6.7034735679626469,"y":-31.354450225830079,"z":-16.65522575378418},"rotation":{"x":0.09361471235752106,"y":0.84798264503479,"z":-0.4966288208961487,"w":0.1598290652036667},"size":40.010372161865237,"orthographic":false}