{"cameraMode":{"drawMode":0,"name":"Shaded","section":"Shading Mode"},"sceneLighting":false,"audioPlay":false,"sceneViewState":{"showFog":true,"showMaterialUpdate":false,"showSkybox":false,"showFlares":true,"showImageEffects":true,"showParticleSystems":true},"in2DMode":false,"pivot":{"x":9.541983604431153,"y":-1.0868196487426758,"z":0.23260186612606049},"rotation":{"x":-0.12871989607810975,"y":-0.7973000407218933,"z":0.18295440077781678,"w":-0.5606672763824463},"size":11.443015098571778,"orthographic":false}