{"cameraMode":{"drawMode":0,"name":"Shaded","section":"Shading Mode"},"sceneLighting":true,"audioPlay":false,"sceneViewState":{"showFog":true,"showMaterialUpdate":false,"showSkybox":false,"showFlares":true,"showImageEffects":true,"showParticleSystems":true},"in2DMode":false,"pivot":{"x":-0.5179438591003418,"y":4.388086318969727,"z":-0.5751780867576599},"rotation":{"x":0.4324236214160919,"y":0.0863354504108429,"z":-0.041640475392341617,"w":0.8965626358985901},"size":4.556198596954346,"orthographic":true}