{"cameraMode":{"drawMode":0,"name":"Shaded","section":"Shading Mode"},"sceneLighting":true,"audioPlay":false,"sceneViewState":{"showFog":true,"showMaterialUpdate":false,"showSkybox":false,"showFlares":true,"showImageEffects":true,"showParticleSystems":true},"in2DMode":false,"pivot":{"x":-0.23589426279067994,"y":1.1087437868118287,"z":-0.9874282479286194},"rotation":{"x":-0.0010345462942495943,"y":0.9984441995620728,"z":-0.019781379029154779,"w":-0.052165500819683078},"size":3.2526051998138429,"orthographic":false}