{"cameraMode":{"drawMode":0,"name":"Shaded","section":"Shading Mode"},"sceneLighting":false,"audioPlay":false,"sceneViewState":{"showFog":false,"showMaterialUpdate":false,"showSkybox":false,"showFlares":false,"showImageEffects":false,"showParticleSystems":true},"in2DMode":false,"pivot":{"x":13.39306926727295,"y":9.539420127868653,"z":0.30150553584098818},"rotation":{"x":0.210489884018898,"y":-0.6400455236434937,"z":0.18856073915958405,"w":0.7144811153411865},"size":-4.175254821777344,"orthographic":false}