{"cameraMode":{"drawMode":0,"name":"Shaded","section":"Shading Mode"},"sceneLighting":true,"audioPlay":false,"sceneViewState":{"showFog":false,"showMaterialUpdate":false,"showSkybox":true,"showFlares":false,"showImageEffects":false,"showParticleSystems":true},"in2DMode":false,"pivot":{"x":-8.924834251403809,"y":-6.777520179748535,"z":6.099797248840332},"rotation":{"x":0.2514107823371887,"y":-0.45399877429008486,"z":0.13523198664188386,"w":0.8440328240394592},"size":12.824249267578125,"orthographic":false}