{"cameraMode":{"drawMode":0,"name":"Shaded","section":"Shading Mode"},"sceneLighting":true,"audioPlay":false,"sceneViewState":{"showFog":false,"showMaterialUpdate":false,"showSkybox":true,"showFlares":false,"showImageEffects":false,"showParticleSystems":true},"in2DMode":false,"pivot":{"x":-9.390714645385743,"y":-7.592448711395264,"z":-166.83038330078126},"rotation":{"x":0.0016873424174264074,"y":-0.9982645511627197,"z":0.046452976763248447,"w":0.0362493060529232},"size":233.34524536132813,"orthographic":false}